date,code,nav,source,change_pct,valid
2026-05-05,0050,94.6,TWSE,0.0,1
2026-05-06,0050,95.75,TWSE,0.012156448202959892,1
2026-05-08,0050,97.0,TWSE,0.013054830287206266,1
2026-05-09,0050,97.0,TWSE,0.0,1
2026-05-10,0050,97.0,TWSE,0.0,1
2026-05-11,0050,96.9,TWSE,-0.0010309278350514879,1
2026-05-12,0050,96.85,TWSE,-0.000515995872033141,1
2026-05-13,0050,95.5,TWSE,-0.013939081053174955,1
2026-05-14,0050,96.05,TWSE,0.005759162303664892,1
2026-05-16,0050,95.4,TWSE,-0.006767308693388771,1
2026-05-17,0050,95.4,TWSE,0.0,1
2026-05-18,0050,94.9,TWSE,-0.0052410901467505235,1
2026-05-19,0050,93.1,TWSE,-0.018967334035827305,1
2026-05-20,0050,92.5,TWSE,-0.006444683136412399,1
2026-05-21,0050,95.85,TWSE,0.03621621621621615,1
2026-05-22,0050,97.3,TWSE,0.015127803860198257,1
2026-05-23,0050,97.3,TWSE,0.0,1
2026-05-24,0050,97.3,TWSE,0.0,1
2026-05-25,0050,100.8,TWSE,0.03597122302158273,1
2026-05-27,0050,102.55,TWSE,0.017361111111111112,1
2026-05-28,0050,100.5,TWSE,-0.01999024865919061,1
2026-05-29,0050,105.4,TWSE,0.048756218905472694,1
2026-05-30,0050,105.4,TWSE,0.0,1
2026-05-31,0050,105.4,TWSE,0.0,1
2026-06-01,0050,105.5,TWSE,0.0009487666034155058,1
2026-06-02,0050,105.7,TWSE,0.001895734597156425,1
2026-06-04,0050,106.1,TWSE,0.003784295175023571,1
2026-06-05,0050,104.15,TWSE,-0.018378887841658708,1
2026-06-06,0050,104.15,TWSE,0.0,1
2026-06-07,0050,104.15,TWSE,0.0,1
2026-06-08,0050,100.95,TWSE,-0.030724915986557876,1
2026-06-09,0050,103.5,TWSE,0.025260029717681994,1
2026-06-10,0050,100.25,TWSE,-0.03140096618357488,1
2026-06-11,0050,99.85,TWSE,-0.003990024937655917,1
2026-06-12,0050,101.95,TWSE,0.02103154732098156,1
2026-06-14,0050,101.95,TWSE,0.0,1
2026-06-15,0050,105.25,TWSE,0.032368808239332976,1
2026-06-16,0050,105.9,TWSE,0.006175771971496491,1
2026-06-17,0050,106.0,TWSE,0.0009442870632671795,1
2026-06-18,0050,107.3,TWSE,0.0122641509433962,1
2026-06-20,0050,107.3,TWSE,0.0,1
2026-06-22,0050,111.15,TWSE,0.035880708294501476,1
2026-06-23,0050,110.1,TWSE,-0.009446693657220074,1
2026-06-24,0050,107.15,TWSE,-0.02679382379654849,1
2026-06-25,0050,107.2,TWSE,0.0004666355576294648,1
2026-06-26,0050,103.1,TWSE,-0.038246268656716494,1
2026-06-27,0050,103.1,TWSE,0.0,1
2026-06-28,0050,82.15,TWSE,-0.2032007759456837,0
2026-06-29,0050,104.45,TWSE,0.27145465611685937,0
2026-07-01,0050,109.35,TWSE,0.04691239827668733,1
2026-07-02,0050,108.8,TWSE,-0.0050297210791037696,1
2026-07-03,0050,108.35,TWSE,-0.004136029411764732,1
2026-07-04,0050,108.35,TWSE,0.0,1
2026-07-05,0050,108.35,TWSE,0.0,1
2026-07-06,0050,108.25,TWSE,-0.000922934933087165,1
2026-07-07,0050,106.2,TWSE,-0.018937644341801358,1
2026-07-08,0050,106.05,TWSE,-0.001412429378531127,1
2026-07-10,0050,105.8,TWSE,-0.0023573785950023575,1
2026-07-11,0050,105.8,TWSE,0.0,1
2026-07-12,0050,105.8,TWSE,0.0,1
2026-07-13,0050,106.0,TWSE,0.001890359168241993,1
2026-07-14,0050,104.4,TWSE,-0.015094339622641456,1
2026-07-15,0050,106.3,TWSE,0.018199233716475013,1
2026-07-16,0050,106.4,TWSE,0.0009407337723425074,1
2026-07-17,0050,100.15,TWSE,-0.0587406015037594,1
2026-07-18,0050,100.15,TWSE,0.0,1
2026-07-19,0050,100.15,TWSE,0.0,1
2026-07-20,0050,99.2,TWSE,-0.00948577134298555,1
2026-07-21,0050,102.5,TWSE,0.033266129032258035,1
2026-07-22,0050,103.85,TWSE,0.013170731707317017,1
2026-07-23,0050,103.9,TWSE,0.00048146364949457266,1
2026-07-24,0050,101.7,TWSE,-0.021174205967276254,1
2026-07-25,0050,101.7,TWSE,0.0,1
2026-07-26,0050,101.7,TWSE,0.0,1
2026-07-27,0050,101.45,TWSE,-0.0024582104228121925,1
2026-07-28,0050,97.15,TWSE,-0.04238541153277474,1
2026-07-29,0050,93.7,TWSE,-0.03551209469891922,1
2026-07-30,0050,93.5,TWSE,-0.0021344717182497632,1
2026-07-31,0050,102.85,TWSE,0.09999999999999994,1
2026-08-01,0050,102.85,TWSE,0.0,1
2026-08-02,0050,102.85,TWSE,0.0,1
2026-08-03,0050,102.0,TWSE,-0.0082644628099173,1
2026-08-04,0050,100.65,TWSE,-0.013235294117647003,1
2026-08-05,0050,103.8,TWSE,0.03129657228017875,1
2026-08-06,0050,103.3,TWSE,-0.004816955684007708,1
2026-08-07,0050,102.85,TWSE,-0.004356243949661208,1
2026-08-08,0050,102.85,TWSE,0.0,1
2026-08-09,0050,102.85,TWSE,0.0,1
2026-08-10,0050,104.25,TWSE,0.013612056392805112,1
2026-08-11,0050,104.6,TWSE,0.003357314148681001,1
2026-08-12,0050,105.2,TWSE,0.005736137667304097,1
2026-08-13,0050,106.7,TWSE,0.014258555133079848,1
2026-08-15,0050,106.4,TWSE,-0.0028116213683223724,1
2026-08-16,0050,106.4,TWSE,0.0,1
2026-08-17,0050,106.45,TWSE,0.00046992481203004844,1
2026-08-18,0050,104.9,TWSE,-0.014560826679192082,1
2026-08-19,0050,103.1,TWSE,-0.01715919923736903,1
2026-08-20,0050,103.8,TWSE,0.006789524733268699,1
2026-08-21,0050,104.65,TWSE,0.008188824662813185,1
2026-08-22,0050,104.65,TWSE,0.0,1
2026-08-23,0050,104.65,TWSE,0.0,1
2026-08-24,0050,103.8,TWSE,-0.008122312470138638,1
2026-08-25,0050,104.4,TWSE,0.005780346820809331,1
2026-08-26,0050,105.9,TWSE,0.014367816091954023,1
2026-08-27,0050,106.05,TWSE,0.0014164305949007693,1
2026-08-28,0050,106.95,TWSE,0.00848656294200854,1
2026-08-29,0050,106.95,TWSE,0.0,1
